,,,2016/6/3,2016/6/8,2017/6/2,2017/6/7,2018/6/7,2018/6/8
text,page,no,No.1,No.2,No.3,No.4,No.5,No.6
1,1,1,1,,,,,
1,1,2,,1,,,,
1,1,3,,,1,,,
1,1,4,,,1,,,
1,1,5,,,,1,,
1,1,6,,,,1,,
1,1,7,,,,,1,
1,1,8,,,,,,1
1,1,9,,,,,,1
,,,,,,,,
text,page,no,No.1,No.2,No.3,No.4,No.5,No.6
1,2,1,1,,,,,
1,2,2,,1,,,,
1,2,3,,,1,,,
1,2,4,,,1,,,
1,2,5,,,,1,,
1,2,6,,,,,1,
1,2,7,,,,,1,
1,2,8,,,,,,1
1,2,9,,,,,,1
,,,,,,,,
text,page,no,No.1,No.2,No.3,No.4,No.5,No.6
1,3,1,1,,,,,
1,3,2,1,,,,,
1,3,3,1,,,,1,
1,3,4,1,,,,,
1,3,5,1,,,,,1
1,3,6,,1,,,,1
1,3,7,,1,,,,
1,3,8,,1,,,1,
1,3,9,,1,,,,
1,3,10,,1,,,,
1,3,11,,,1,,,
1,3,12,,,,1,,
1,3,13,,,,1,,
,,,,,,,,
text,page,no,No.1,No.2,No.3,No.4,No.5,No.6
1,4,1,1,,,,,
1,4,2,1,,,,,
1,4,3,1,,,,,
1,4,4,,1,,,,
1,4,5,,1,,,,
1,4,6,,1,,,,
1,4,7,,,1,,,
1,4,8,,,1,,,
1,4,9,,,,1,,
1,4,10,,,,,1,
1,4,11,,,,,,1
,,,,,,,,
text,page,no,No.1,No.2,No.3,No.4,No.5,No.6
1,5,1,,,1,,,
1,5,2,,,1,,,
1,5,3,,,,1,,
1,5,4,,,,1,,
1,5,5,,,,,1,
1,5,6,,,,,1,
1,5,7,,,,,,1
,,,,,,,,
text,page,no,No.1,No.2,No.3,No.4,No.5,No.6
1,6,1,,,1,,,
1,6,2,,,,1,,
1,6,3,,,,1,,
1,6,4,,,,,1,
1,6,5,,,,,1,
1,6,6,,,,,,1
1,6,7,,,,,,1
