,,,2016/7/13,2016/7/20,2017/7/3,2017/7/4
text,page,no,‘æ1‰ñ,‘æ2‰ñ,‘æ3‰ñ,‘æ4‰ñ
1,1,1,1,,,
1,1,2,1,,,
1,1,3,,1,,
1,1,4,,1,,
1,1,5,,,1,
1,1,6,,,1,
1,1,7,,,1,
1,1,8,,,1,
1,1,9,,,,1
1,1,10,,,,1
1,1,11,,,,1
1,1,12,,,,1
,,,,,,
1,2,1,1,,,
1,2,2,1,,,
1,2,3,1,,,
1,2,4,1,,,
1,2,5,1,,,
1,2,6,1,,,
1,2,7,,1,,
1,2,8,,1,,
1,2,9,,1,,
1,2,10,,1,,
1,2,11,,1,,
1,2,12,,1,,
1,2,13,,,1,
1,2,14,,,1,
1,2,15,,,1,
1,2,16,,,,1
1,2,17,,,,1
1,2,18,,,,1
,,,,,,
1,3,1,1,,,
1,3,2,,1,,
1,3,3,,,1,
1,3,4,,,1,
1,3,5,,,,1
1,3,6,,,,1
,,,,,,
1,4,1,1,,,
1,4,2,,1,,
1,4,3,,,1,
1,4,4,,,,1
text,page,no,‘æ1‰ñ,‘æ2‰ñ,‘æ3‰ñ,‘æ4‰ñ
