,,,2016/8/3,2016/8/8,2017/7/24,2017/7/25
text,page,no,‘æ1‰ñ,‘æ2‰ñ,‘æ3‰ñ,‘æ4‰ñ
1,1,1,1,,,
1,1,2,1,,,
1,1,3,1,,,
1,1,4,1,,,
1,1,5,,1,,
1,1,6,,1,,
1,1,7,,1,,
1,1,8,,1,,
1,1,9,,,1,
1,1,10,,,1,
1,1,11,,,1,
1,1,12,,,,1
1,1,13,,,,1
,,,,,,
1,2,1,,,1,
1,2,2,,,,1
,,,,,,
1,3,1,1,,,
1,3,2,1,,,
1,3,3,1,,,
1,3,4,,1,,
1,3,5,,1,,
1,3,6,,,1,
1,3,7,,,1,
1,3,8,,,,1
1,3,9,,,,1
,,,,,,
1,4,1,,1,,
1,4,2,,,1,
1,4,3,,,1,
1,4,4,,,1,
1,4,5,,,,1
1,4,6,,,,1
1,4,7,,,,1
,,,,,,
1,5,1,1,,,
1,5,2,1,,,
1,5,3,1,,,
1,5,4,,1,,
1,5,5,,1,,
1,5,6,,1,,
1,5,7,,,1,
1,5,8,,,,1
1,5,9,,,,1
text,page,no,‘æ1‰ñ,‘æ2‰ñ,‘æ3‰ñ,‘æ4‰ñ
