,,,2016/6/24,2016/11/30,2017/5/30,2017/11/6,2017/11/7
text,page,no,1,2,3,4,5
1,1,1,,1,,,
1,1,2,,,1,,
1,1,3,,,,1,
1,1,4,,,,,1
,,,,,,,
1,2,1,,,1,,
1,2,2,,,,1,
1,2,3,,,,,1
,,,,,,,
1,3,1,1,,,,
1,3,2,1,,,,
1,3,3,,1,,,
1,3,4,,,1,,
1,3,5,,,,1,
1,3,6,,,,,1
,,,,,,,
,,,,,,,
,,,2016/6/24,2016/11/30,2017/5/30,2017/11/6,2017/11/7
text,page,no,1,2,3,4,5
2,1,1,1,,,,
2,1,2,1,,,,
2,1,3,1,,,,
2,1,4,1,,,,
2,1,5,,1,,,
2,1,6,,1,,,
2,1,7,,1,,,
2,1,8,,,1,,
2,1,9,,,1,,
2,1,10,,,1,,
2,1,11,,,,1,
2,1,12,,,,1,
2,1,13,,,,,1
2,1,14,,,,,1
,,,,,,,
2,2,1,1,,,,
2,2,2,,1,,,
2,2,3,,1,,,
2,2,4,,,1,,
2,2,5,,,,1,
2,2,6,,,,,1
,,,,,,,
2,3,1,,1,,,
2,3,2,,,1,,
2,3,3,,,,1,
2,3,4,,,,,1
,,,,,,,
,,,2016/6/24,2016/11/30,2017/5/30,2017/11/6,2017/11/7
text,page,no,1,2,3,4,5
3,1,1,1,,,,
3,1,2,1,,,,
3,1,3,,1,,,
3,1,4,,,1,,
3,1,5,,,,1,
3,1,6,,,,,1
,,,,,,,
3,2,1,1,,,,
3,2,2,,1,,,
3,2,3,,,1,,
3,2,4,,,,1,
3,2,5,,,,,1
